model_name,C,gamma,accuracy_mean,accuracy_std,precision_mean,precision_std,recall_mean,recall_std,f1_mean,f1_std,roc_auc_mean,roc_auc_std
RBF_SVM_C100_gamma0.01,100.0,0.01,0.7981944444444445,0.008415108033167265,0.7983288228129665,0.008318569309744886,0.7981944444444445,0.008415108033167293,0.798170514982474,0.008433772028652838,0.8792286844135802,0.00539895517930809
RBF_SVM_C10_gammascale,10.0,scale,0.7990972222222222,0.008415681093744269,0.7992206679907595,0.008331474556478103,0.7990972222222222,0.008415681093744276,0.7990754521752202,0.008431985071408106,0.8789567901234567,0.005806743873089492
RBF_SVM_C100_gammascale,100.0,scale,0.7956944444444445,0.007775297223487993,0.7957954932739496,0.0076842251951179455,0.7956944444444445,0.007775297223488,0.7956759358921681,0.007792991422853999,0.8745846836419753,0.006368545647650836
RBF_SVM_C10_gamma0.1,10.0,0.1,0.7877083333333333,0.004599089080499555,0.7877587124526306,0.004606816916399404,0.7877083333333333,0.004599089080499542,0.7876990885656175,0.004598078261336221,0.8662499035493827,0.0036955150412490557
RBF_SVM_C10_gamma0.01,10.0,0.01,0.7828472222222222,0.00869193698311938,0.7829515226749788,0.008612752572540332,0.7828472222222222,0.008691936983119361,0.7828260680997696,0.008709446947250492,0.8656533564814815,0.006044368138136011
RBF_SVM_C1_gamma0.1,1.0,0.1,0.7834027777777778,0.0028242638066198426,0.7834557008551194,0.0028376329744569636,0.7834027777777777,0.0028242638066197914,0.783392723302376,0.0028220071532185234,0.862251350308642,0.004221560735885088
RBF_SVM_C1_gammascale,1.0,scale,0.7777777777777777,0.005834986538222224,0.7778789352600806,0.005844404243034252,0.7777777777777779,0.005834986538222255,0.7777576237672588,0.005833947524835959,0.861125,0.0051168626598993155
RBF_SVM_C1_gamma0.01,1.0,0.01,0.7573611111111112,0.004174760656996967,0.757538357065148,0.0040784359366348175,0.7573611111111112,0.004174760656996967,0.7573185754952589,0.00419950790818687,0.8399842785493827,0.00681266334495654
RBF_SVM_C100_gamma0.1,100.0,0.1,0.7644444444444444,0.006531470586681959,0.7645904977860931,0.006427046222491096,0.7644444444444444,0.006531470586681945,0.7644106744337696,0.0065567104762010355,0.8389518711419754,0.0038976491102648866
