model,model_file,accuracy,precision,recall,f1_score,roc_auc
RBF SVM,model_rbf_svm.pkl,0.7827777777777778,0.7875706214689265,0.7744444444444445,0.780952380952381,0.8670814814814816
MLP,model_mlp.pkl,0.7602777777777778,0.7595567867036012,0.7616666666666667,0.7606102635228849,0.851600925925926
