{
    "MLP": {
        "model": "MLP",
        "accuracy": 0.7602777777777778,
        "precision": 0.7595567867036012,
        "recall": 0.7616666666666667,
        "f1_score": 0.7606102635228849,
        "roc_auc": 0.851600925925926
    },
    "RBF_SVM": {
        "model": "RBF SVM",
        "accuracy": 0.7827777777777778,
        "precision": 0.7875706214689265,
        "recall": 0.7744444444444445,
        "f1_score": 0.780952380952381,
        "roc_auc": 0.8670814814814816
    }
}