model,accuracy,precision,recall,f1_score,roc_auc,train_samples,test_samples,num_features,training_iterations,final_loss
"MLP (64, 32)",0.7613888888888889,0.7733875653689716,0.7394444444444445,0.7560352172678216,0.837383024691358,14400,3600,26,261,0.2459315529565888
