classifier,accuracy_mean,precision_mean,recall_mean,f1_mean,roc_auc_mean
RBF SVM,0.7981944444444445,0.7926668889038613,0.8077777777777777,0.8001335471629151,0.8792286844135802
MLP,0.7622916666666667,0.7610619110957981,0.766388888888889,0.7629200073258724,0.8406304976851852
