classifier,accuracy_mean,precision_mean,recall_mean,f1_mean,roc_auc_mean
RBF SVM,0.7988888888888889,0.7935836739224376,0.8080555555555555,0.8007378675171068,0.8794067322530864
MLP,0.757638888888889,0.742919712581644,0.7893055555555556,0.7650441568426084,0.8403054591049381
