classifier,accuracy_mean,accuracy_std,precision_mean,precision_std,recall_mean,recall_std,f1_mean,f1_std,roc_auc_mean,roc_auc_std
RBF SVM,0.7988888888888889,0.00819150135472396,0.7935836739224376,0.010079934084254677,0.8080555555555555,0.0058860055834491715,0.8007378675171068,0.007493113035943578,0.8794067322530864,0.005355654510253836
MLP,0.757638888888889,0.006160626421171319,0.742919712581644,0.015240645635893857,0.7893055555555556,0.019610402883025332,0.7650441568426084,0.004911949583850684,0.8403054591049381,0.004545988759518223
