classifier,accuracy_mean,accuracy_std,precision_mean,precision_std,recall_mean,recall_std,f1_mean,f1_std,roc_auc_mean,roc_auc_std,hidden_layer_sizes,alpha,learning_rate_init,batch_size,max_iter,random_state,C,gamma,kernel,probability
RBF SVM,0.7988888888888889,0.00819150135472396,0.7990127645678821,0.008107022468504595,0.798888888888889,0.008191501354723933,0.7988670428170268,0.008207573628717156,0.8794067322530864,0.005355654510253836,,,,,,42,100,0.01,rbf,True
MLP,0.7649305555555556,0.007914838970309217,0.7658298205663765,0.006904566136074475,0.7649305555555556,0.007914838970309233,0.7647172364963394,0.008169188730414986,0.8442699652777776,0.006000493279791247,"(64, 32)",0.0001,0.001,32,300,42,,,,
