classifier,accuracy_mean,accuracy_std,precision_mean,precision_std,recall_mean,recall_std,f1_mean,f1_std,roc_auc_mean,roc_auc_std
RBF SVM,0.7981944444444445,0.008415108033167265,0.7926668889038613,0.010335989372129501,0.8077777777777777,0.006044459763052463,0.8001335471629151,0.007684065114034375,0.8792286844135802,0.00539895517930809
MLP,0.7622916666666667,0.005915427621957471,0.7610619110957981,0.015354378371799603,0.766388888888889,0.03543055283331145,0.7629200073258724,0.011759668008748217,0.8406304976851852,0.008314500423581998
