classifier,accuracy_mean,accuracy_std,precision_mean,precision_std,recall_mean,recall_std,f1_mean,f1_std,roc_auc_mean,roc_auc_std,C,gamma,kernel,probability,random_state,alpha,hidden_layer_sizes,learning_rate_init,max_iter
RBF SVM,0.7990972222222222,0.008415681093744269,0.7992206679907595,0.008331474556478103,0.7990972222222222,0.008415681093744276,0.7990754521752202,0.008431985071408106,0.8789567901234567,0.005806743873089492,10,scale,rbf,True,42,,,,
MLP,0.7838888888888889,0.0031334761590773768,0.784659450287194,0.0027839398869091295,0.7838888888888889,0.003133476159077358,0.7837405675492215,0.0032442667396037454,0.8668730709876543,0.0041852155770662055,,,,,42,0.001,"(64, 32)",0.0005,300
