classifier,accuracy_mean,accuracy_std,precision_mean,precision_std,recall_mean,recall_std,f1_mean,f1_std,roc_auc_mean,roc_auc_std,hidden_layer_sizes,alpha,learning_rate_init,batch_size,max_iter,random_state,C,gamma,kernel,probability
RBF SVM,0.7981944444444445,0.008415108033167265,0.7983288228129665,0.008318569309744886,0.7981944444444445,0.008415108033167293,0.798170514982474,0.008433772028652838,0.8792286844135802,0.00539895517930809,,,,,,42,100,0.01,rbf,True
MLP,0.7655555555555555,0.00795252599826535,0.7666427973793846,0.007725765198805219,0.7655555555555555,0.00795252599826534,0.7653127305284156,0.008019765651679894,0.8439400077160494,0.008526242898219103,"(64, 32)",0.0001,0.001,32,300,42,,,,
