Feature Group,Num Features,Accuracy (F=0.7547),Precision (F=0.7348),Recall (F=0.7972),F1 (F=0.7647),ROC AUC (F=0.8348)
Gradient-Based,8,0.6125,0.6173913043478261,0.5916666666666667,0.6042553191489362,0.6582248456790124
Spatial,9,0.6975,0.691437802907916,0.7133333333333334,0.7022149302707137,0.7717771604938273
Frequency-Domain,9,0.6661111111111111,0.6630316248636859,0.6755555555555556,0.6692350027517887,0.7330472222222223
