model,model_file,accuracy,precision,recall,f1_score,roc_auc
RBF SVM,final_rbf_svm_model.pkl,0.7894444444444444,0.7943502824858757,0.7811111111111111,0.7876750700280112,0.8699003086419754
MLP,final_mlp_model.pkl,0.7547222222222222,0.7734048896839595,0.7205555555555555,0.7460454414725338,0.8401839506172839
