metric,MLP,RBF SVM
Accuracy,0.7547222222222222,0.7894444444444444
Precision,0.7734048896839595,0.7943502824858757
Recall,0.7205555555555555,0.7811111111111111
F1-score,0.7460454414725338,0.7876750700280112
ROC-AUC,0.8401839506172839,0.8699003086419754
