model,model_file,accuracy,precision,recall,f1_score,roc_auc
RBF SVM,final_rbf_svm_model.pkl,0.7880555555555555,0.792772444946358,0.78,0.7863343601232148,0.8693361111111111
MLP,final_mlp_model.pkl,0.7613888888888889,0.7733875653689716,0.7394444444444445,0.7560352172678216,0.837383024691358
