model_name,accuracy,precision,recall,f1_score,roc_auc
final_rbf_svm_model.pkl,0.7894444444444444,0.7943502824858757,0.7811111111111111,0.7876750700280112,0.8699003086419754
