{
    "MLP": {
        "model": "MLP",
        "accuracy": 0.7547222222222222,
        "precision": 0.7734048896839595,
        "recall": 0.7205555555555555,
        "f1_score": 0.7460454414725338,
        "roc_auc": 0.8401839506172839
    },
    "RBF_SVM": {
        "model": "RBF SVM",
        "accuracy": 0.7894444444444444,
        "precision": 0.7943502824858757,
        "recall": 0.7811111111111111,
        "f1_score": 0.7876750700280112,
        "roc_auc": 0.8699003086419754
    }
}