{
    "MLP": {
        "model": "MLP",
        "accuracy": 0.7613888888888889,
        "precision": 0.7733875653689716,
        "recall": 0.7394444444444445,
        "f1_score": 0.7560352172678216,
        "roc_auc": 0.837383024691358
    },
    "RBF_SVM": {
        "model": "RBF SVM",
        "accuracy": 0.7880555555555555,
        "precision": 0.792772444946358,
        "recall": 0.78,
        "f1_score": 0.7863343601232148,
        "roc_auc": 0.8693361111111111
    }
}