metric,MLP,RBF SVM
Accuracy,0.7613888888888889,0.7880555555555555
Precision,0.7733875653689716,0.792772444946358
Recall,0.7394444444444445,0.78
F1-score,0.7560352172678216,0.7863343601232148
ROC-AUC,0.837383024691358,0.8693361111111111
