{
    "accuracy": 0.7894444444444444,
    "precision": 0.7943502824858757,
    "recall": 0.7811111111111111,
    "f1_score": 0.7876750700280112,
    "roc_auc": 0.8699003086419754
}